part_number,description,unit,category,related_equipment,par_level
92221134,2.5 GAL PICKUP PROBE ASSY,Each,Equipment,EQUIPMENT AND SPARE PARTS,4
53002861,2.5GAL CBTNR PU PRB ASSY,Each,Equipment,EQUIPMENT AND SPARE PARTS,30
85786087,ADPTR BAG 1/4 BARB PP BLK,Each,Equipment,EQUIPMENT AND SPARE PARTS,19
92581007,ADV LNDRY 4PMP 115V PKD,Each,Equipment,EQUIPMENT AND SPARE PARTS,1
53005341,ADV LNDRY CONTROLLER W/BT V2 PKD,Each,Equipment,EQUIPMENT AND SPARE PARTS,2
96522104,AIRGAP OMEGA5E DISHMACH MLD,Each,Equipment,WAREWASHING EQUIPMENT,2
92302055,APEX SNSR W/12FT CA 200K,Each,Equipment,WAREWASHING EQUIPMENT,9
96557475,BALL PL DRN,Each,Equipment,EQUIPMENT AND SPARE PARTS,20
96582252,BAR PAWL CONN ASSY,Each,Equipment,WAREWASHING EQUIPMENT,17
96022272,BAR RLR PAWL ES4400,Each,Equipment,WAREWASHING EQUIPMENT,55
87490000,BLT EYE 1/4-20X5 LG 304SS,Each,Equipment,WAREWASHING EQUIPMENT,9
53001856,BRAIN 250/PATHWAYS INSTLKIT,Each,Equipment,EQUIPMENT AND SPARE PARTS,2
96566112,BRG ECC CAM 1-1/4OD,Each,Equipment,WAREWASHING EQUIPMENT,9
90011055,BRKT EZ SYSTEM 4PK,Each,Equipment,EQUIPMENT AND SPARE PARTS,2
86145646,BSHG 3/4X1/2 BRS,Each,Equipment,EQUIPMENT AND SPARE PARTS,4
92652395,BTL SPY 24OZ ECL 12PK,Each,Equipment,EQUIPMENT AND SPARE PARTS,4
92332949,BTRY PAK 15VDC SYS ELEC,Each,Equipment,EQUIPMENT AND SPARE PARTS,7
92631970,BULK HAND CARE DISP 1PK,Each,Equipment,HAND AND SKIN HYGIENE,5
83241273,CA 20/4,Each,Equipment,EQUIPMENT AND SPARE PARTS,2
92582311,CA DB9 CONN TSTAR XP 20FT,Each,Equipment,EQUIPMENT AND SPARE PARTS,3
83109140,CA TIE SELF-CLINCH BLK,Each,Equipment,EQUIPMENT AND SPARE PARTS,4
86020001,CAP ADPTR 1/4 KL1 EPDM GRN,Each,Equipment,EQUIPMENT AND SPARE PARTS,4
86020014,CAP ADPTR 1/4 KL1 VTN 90 VIO,Each,Equipment,EQUIPMENT AND SPARE PARTS,4
86020006,CAP ADPTR 1/4 KL3 EPDM GRA,Each,Equipment,EQUIPMENT AND SPARE PARTS,4
86020010,CAP ADPTR 1/4 KL3 EPDM PNK,Each,Equipment,EQUIPMENT AND SPARE PARTS,4
86020002,CAP ADPTR 1/4 KL3 VTN YEL,Each,Equipment,EQUIPMENT AND SPARE PARTS,4
86020003,CAP ADPTR 1/4 KL4 EPDM BLU,Each,Equipment,EQUIPMENT AND SPARE PARTS,4
86020004,CAP ADPTR 1/4 KL5 EPDM LT GRN,Each,Equipment,EQUIPMENT AND SPARE PARTS,4
86020011,CAP ADPTR 1/4 KL5 VTN 90 DK GRN,Each,Equipment,EQUIPMENT AND SPARE PARTS,4
86020000,CAP ADPTR 1/4 KL6 EPDM RED,Each,Equipment,EQUIPMENT AND SPARE PARTS,4
86020009,CAP ADPTR 1/4 KL7 EPDM PRP,Each,Equipment,EQUIPMENT AND SPARE PARTS,4
53005189,CH WL RAPID MSDC,Each,Equipment,EQUIPMENT AND SPARE PARTS,7
96572573,CHEM TUB STIFFENER UNIVERSAL,Each,Equipment,WAREWASHING EQUIPMENT,2
92633817,CHL TEST PAPER 100PCS,Each,Equipment,EQUIPMENT AND SPARE PARTS,9
92232138,CHT WL APEX DISHMACHINE,Each,Equipment,EQUIPMENT AND SPARE PARTS,2
92232139,CHT WL APEX POT&PAN,Each,Equipment,EQUIPMENT AND SPARE PARTS,3
96582741,CHT WL CHLOR SNTZR TESTPROC,Each,Equipment,EQUIPMENT AND SPARE PARTS,3
92652154,CHT WL DISHMACHINE CHG WTR,Each,Equipment,EQUIPMENT AND SPARE PARTS,4
92232036,CHT WL FLEX PAK SCOUT,Each,Equipment,EQUIPMENT AND SPARE PARTS,2
53005326,CHT WL GREASELIFT&FRYR CLNR BAG&DISP,Each,Equipment,EQUIPMENT AND SPARE PARTS,2
92153175,CHT WL KYSTN HAND WASH,Each,Equipment,EQUIPMENT AND SPARE PARTS,8
92153177,CHT WL KYSTN POT & PAN,Each,Equipment,EQUIPMENT AND SPARE PARTS,2
92592423,CHT WL LNDRY FORMULA,Each,Equipment,EQUIPMENT AND SPARE PARTS,4
92592424,CHT WL LNDRY OPNS FLOW TRNG,Each,Equipment,EQUIPMENT AND SPARE PARTS,3
53002079,CHT WL NO RNS ALK FLR CLNR,Each,Equipment,EQUIPMENT AND SPARE PARTS,6
92152690,CHT WL OAS 146,Each,Equipment,EQUIPMENT AND SPARE PARTS,2
92232141,CHT WL PRESK,Each,Equipment,EQUIPMENT AND SPARE PARTS,2
92632047,CHT WL PROPER HANDWASHING,Each,Equipment,EQUIPMENT AND SPARE PARTS,18
92632078,CHT WL PROPER LDG GDE,Each,Equipment,EQUIPMENT AND SPARE PARTS,2
92232990,CHT WL RACK LOADING,Each,Equipment,EQUIPMENT AND SPARE PARTS,2
53002281,CHT WL SS SNTZR,Each,Equipment,EQUIPMENT AND SPARE PARTS,2
92652394,CHT WL STAINBLASTER,Each,Equipment,EQUIPMENT AND SPARE PARTS,2
92233014,CHT WL WAREWASHING BASICS,Each,Equipment,EQUIPMENT AND SPARE PARTS,2
87301891,CLP HOSE .351TO.394 SNAP,Each,Equipment,WAREWASHING EQUIPMENT,2
87301362,CLP HOSE .88TO2.75 SST,Each,Equipment,WAREWASHING EQUIPMENT,6
87301033,CLP HOSE 1/2TO1-1/4SST 25PK,Each,Equipment,EQUIPMENT AND SPARE PARTS,2
87301132,CLP HOSE 5/16X7/8 SST 25PK,Each,Equipment,WAREWASHING EQUIPMENT,4
87301148,CLP HOSE 7/32X5/8 SST 25PK,Each,Equipment,EQUIPMENT AND SPARE PARTS,5
83300541,CND FLX 1/2 NM LIQT,Each,Equipment,WAREWASHING EQUIPMENT,2
85289411,COIL 110/208/240V 50/60HZ,Each,Equipment,EQUIPMENT AND SPARE PARTS,13
92042050,COIL 24V SLND VLV,Each,Equipment,EQUIPMENT AND SPARE PARTS,4
85783405,CONN 1/2BARBX1/2MNPT BRS,Each,Equipment,EQUIPMENT AND SPARE PARTS,9
85613010,CONN 1/2SHRKBTX1/2FNPT,Each,Equipment,EQUIPMENT AND SPARE PARTS,4
85613009,CONN 1/2SHRKBTX1/2MNPT,Each,Equipment,EQUIPMENT AND SPARE PARTS,5
85613017,CONN 1/2SHRKBTX1/2SHRKBT,Each,Equipment,EQUIPMENT AND SPARE PARTS,6
85613020,CONN 1/2SHRKBTX3/4MNPT,Each,Equipment,EQUIPMENT AND SPARE PARTS,6
83114006,CONN 2POS TERM BLK 20A 400V,Each,Equipment,EQUIPMENT AND SPARE PARTS,10
85613018,CONN 3/4SHRKBTX3/4SHRKBT,Each,Equipment,EQUIPMENT AND SPARE PARTS,9
85615359,CONN 3/8TX1/4MNPT PUSH MG,Each,Equipment,EQUIPMENT AND SPARE PARTS,2
85615425,CONN 3/8TX3/8MNPT PP PUSHIN,Each,Equipment,EQUIPMENT AND SPARE PARTS,23
83114007,CONN 3POS TERM BLK 20A 400V,Each,Equipment,EQUIPMENT AND SPARE PARTS,10
83114008,CONN 5POS TERM BLK 20A 400V,Each,Equipment,EQUIPMENT AND SPARE PARTS,5
83311555,CONN CND 1/2 NYL LIQT,Each,Equipment,EQUIPMENT AND SPARE PARTS,18
83311589,CONN CND 1/2 NYL LIQT ADJ,Each,Equipment,EQUIPMENT AND SPARE PARTS,27
85615540,CONN UN 1/4 PP PUSHIN,Each,Equipment,EQUIPMENT AND SPARE PARTS,22
85615557,CONN UN 3/8 PP PUSHIN,Each,Equipment,EQUIPMENT AND SPARE PARTS,22
53001038,CONT TEMP SGL RGLTG DM,Each,Equipment,EQUIPMENT AND SPARE PARTS,4
83008250,CONTR 2P 120V 25A NO,Each,Equipment,WAREWASHING EQUIPMENT,5
83008110,CONTR 2P 240V 30A NO,Each,Equipment,WAREWASHING EQUIPMENT,9
50002521,CONTR 3P 120V 12A,Each,Equipment,EQUIPMENT AND SPARE PARTS,4
83000828,CONTR 3P 120V 50A,Each,Equipment,WAREWASHING EQUIPMENT,4
83000836,CONTR 4P 120V 50A,Each,Equipment,WAREWASHING EQUIPMENT,4
83000835,CONTR 4P 208-240V 50A RES,Each,Equipment,WAREWASHING EQUIPMENT,4
96022010,CONTR HTR 3P 50A 110V COIL,Each,Equipment,WAREWASHING EQUIPMENT,4
96662061,COV SW MAG DM LG,Each,Equipment,EQUIPMENT AND SPARE PARTS,9
96662062,COV SW MAG DM SHT,Each,Equipment,EQUIPMENT AND SPARE PARTS,9
96021084,CSTG PAWL BAR ES44,Each,Equipment,WAREWASHING EQUIPMENT,4
96522103,CURT 20.5X24.5 ECNVR,Each,Equipment,WAREWASHING EQUIPMENT,6
96021548,CURT LONG (21''LG) ES44,Each,Equipment,WAREWASHING EQUIPMENT,6
96021555,CURT SHORT 12LG ES44,Each,Equipment,WAREWASHING EQUIPMENT,6
96040983,CURTAIN 19''LONG WH-66,Each,Equipment,WAREWASHING EQUIPMENT,7
96023999,CURTAIN HOOK MID ES44,Each,Equipment,WAREWASHING EQUIPMENT,2
92632007,DIGIFOAM DISP BLK 1PK,Each,Equipment,HAND AND SKIN HYGIENE,2
83102269,DISCONN FEM 1/4 16-14 BLU,Each,Equipment,WAREWASHING EQUIPMENT,70
83102244,DISCONN FEM 1/4 22-18RED,Each,Equipment,WAREWASHING EQUIPMENT,15
96521021,DISHMACH VENT FAN CNTRL KIT,Each,Equipment,WAREWASHING EQUIPMENT,2
96025200,DOOR MAGNET,Each,Equipment,WAREWASHING EQUIPMENT,18
92042027,DPHM SLND VLV VTN,Each,Equipment,EQUIPMENT AND SPARE PARTS,4
92631282,DUAL GALLON BTL HLDR PKD,Each,Equipment,EQUIPMENT AND SPARE PARTS,4
92332047,ECL AFVT TST STRIP 0-2 OZ/GAL 100/VIAL,Each,Equipment,FOOD SAFETY SOLUTIONS,2
85635266,ELB 1/2TX1/4MNPT PP W/PG,Each,Equipment,EQUIPMENT AND SPARE PARTS,2
85634350,ELB 1/4TX1/4MNPT BRNP SA,Each,Equipment,EQUIPMENT AND SPARE PARTS,9
85633007,ELB 90 1/2SHRKBT,Each,Equipment,EQUIPMENT AND SPARE PARTS,9
85633008,ELB 90 3/4SHRKBT,Each,Equipment,EQUIPMENT AND SPARE PARTS,5
85635015,ELB 90DEG 3/8TX3/8T PUSH,Each,Equipment,EQUIPMENT AND SPARE PARTS,22
85635004,ELB SWVL 3/8TX3/8MNPTPUSHIN,Each,Equipment,EQUIPMENT AND SPARE PARTS,23
85635192,ELB UN 3/8TX1/4T PP PUSHIN,Each,Equipment,EQUIPMENT AND SPARE PARTS,13
93032023,ELECTRODE ORP RED BNC,Each,Equipment,EQUIPMENT AND SPARE PARTS,4
93032018,ELECTRODE PH BLU BNC,Each,Equipment,WAREWASHING EQUIPMENT,4
89001006,ELEM HTR 6KW 208V 15,Each,Equipment,WAREWASHING EQUIPMENT,2
89001016,ELEM HTR IMRS 15KW/208 FLG,Each,Equipment,WAREWASHING EQUIPMENT,2
89001015,ELEM HTR IMRS 2KW/120/1 FLG,Each,Equipment,WAREWASHING EQUIPMENT,3
96633159,END CAP WASH ARM OMEGA5E,Each,Equipment,WAREWASHING EQUIPMENT,10
96581400,ENDCAP RNS ARM SST,Each,Equipment,WAREWASHING EQUIPMENT,20
96020482,ES44 CNVR GSKT RNS ASSY,Each,Equipment,WAREWASHING EQUIPMENT,36
96027610,EXTENDED DOG ES4400,Each,Equipment,WAREWASHING EQUIPMENT,9
92651007,FIRST IMPR ARSLDISP 1PK,Each,Equipment,EQUIPMENT AND SPARE PARTS,4
53003940,FLEX PAK SCOUT INSTL KIT,Each,Equipment,EQUIPMENT AND SPARE PARTS,4
96024344,FTG 1/4 BRS ET1 IMPERIAL,Each,Equipment,WAREWASHING EQUIPMENT,30
84807841,FTG INJ 1/4NPTX1/4T,Each,Equipment,WAREWASHING EQUIPMENT,9
83900241,FU 1/4X1-1/4 1.5A 250V,Each,Equipment,WAREWASHING EQUIPMENT,10
83900944,FU 50A 300V,Each,Equipment,WAREWASHING EQUIPMENT,3
50001197,FU TD 5MMX20MM 16A 250VAC,Each,Equipment,EQUIPMENT AND SPARE PARTS,3
83900340,FUSE 1/4X1-1/4 2A 250V,Each,Equipment,EQUIPMENT AND SPARE PARTS,10
89009104,GA TEMP 100TO220F 4FT CPLRY,Each,Equipment,WAREWASHING EQUIPMENT,4
96522112,GDE DR HI HOOD EC,Each,Equipment,WAREWASHING EQUIPMENT,3
92231091,GEOCENTER W/CELL PKD,Each,Equipment,KITCHEN HYGIENE,3
96620328,GLD DR 20.25 UHMWPE,Each,Equipment,WAREWASHING EQUIPMENT,2
96552336,GLD DR 23.5 UHMWPE,Each,Equipment,WAREWASHING EQUIPMENT,4
92151022,GREASELIFT BTL W/SPY FMR 4PK,Each,Equipment,WAREWASHING EQUIPMENT,6
53004114,GREASELIFT INSTL KIT,Each,Equipment,EQUIPMENT AND SPARE PARTS,4
83113076,GROM 3/8X1/4X1/16 RBR BN,Each,Equipment,EQUIPMENT AND SPARE PARTS,9
89990121,GRS SILCNE 3OZ TUBE,Each,Equipment,EQUIPMENT AND SPARE PARTS,2
92232800,GS PRESOAK TIMING CYL ASSY,Each,Equipment,WAREWASHING EQUIPMENT,3
96041934,GSKT AIRGAP OMEGA5,Each,Equipment,WAREWASHING EQUIPMENT,3
96020094,GSKT BSTR HTR SNTPRN ES44,Each,Equipment,WAREWASHING EQUIPMENT,27
96522147,GSKT DRIVE GUTTER EC,Each,Equipment,WAREWASHING EQUIPMENT,6
96582903,GSKT DRN SEAT PENT,Each,Equipment,WAREWASHING EQUIPMENT,10
87250200,GSKT HTR ELEM,Each,Equipment,WAREWASHING EQUIPMENT,4
96025093,GSKT HTR SNTPRN,Each,Equipment,WAREWASHING EQUIPMENT,9
96584073,GSKT HTR WASH SNTPRN,Each,Equipment,WAREWASHING EQUIPMENT,9
96522017,GSKT HTR WASH TK SNTPRN,Each,Equipment,WAREWASHING EQUIPMENT,15
96552864,GSKT MANF WASH SILCNE,Each,Equipment,WAREWASHING EQUIPMENT,4
96020060,GSKT MOT MT EC,Each,Equipment,WAREWASHING EQUIPMENT,36
84805944,GSKT WSH PMP FCPLT SILCNE,Each,Equipment,WAREWASHING EQUIPMENT,9
92633825,HANDSOAP BULK DISP,Each,Equipment,HAND AND SKIN HYGIENE,2
92152270,HI FLW FLEX GAP PKD PP,Each,Equipment,EQUIPMENT AND SPARE PARTS,9
92294040,HLDR WL CHT OAS144,Each,Equipment,EQUIPMENT AND SPARE PARTS,3
96522098,HOOK CURT COM EC MACH,Each,Equipment,WAREWASHING EQUIPMENT,2
85783016,HOSE BARB 1/2HSX3/4MNPT BRS,Each,Equipment,EQUIPMENT AND SPARE PARTS,5
85785030,HOSE BARB 3/8HSX3/8MNPT KYN,Each,Equipment,EQUIPMENT AND SPARE PARTS,9
92004902,HOSE WTR 1/2IDX5FT RBR BLK,Each,Equipment,EQUIPMENT AND SPARE PARTS,5
94802188,HOSE WTR 3/8IDX6FT NSF,Each,Equipment,EQUIPMENT AND SPARE PARTS,6
96582052,IMPLR FL 5.7OD ES6600,Each,Equipment,WAREWASHING EQUIPMENT,2
96569983,KEY JCKSN,Each,Equipment,WAREWASHING EQUIPMENT,2
87029047,KEY REPL ENCL LOCK 176,Each,Equipment,EQUIPMENT AND SPARE PARTS,23
87020025,KEY REPL ENCL LOCK D30,Each,Equipment,EQUIPMENT AND SPARE PARTS,23
53003988,KYSTN RAPID MSDC CVRSN KIT,Each,Equipment,EQUIPMENT AND SPARE PARTS,5
92592670,LAUNDRY ID TAG KIT,Each,Equipment,EQUIPMENT AND SPARE PARTS,2
53001927,LDS BTLACTV SB EGAP DISP2PK,Each,Equipment,EQUIPMENT AND SPARE PARTS,3
53001924,LDS MB 3.5GPM AG DISP 2PK,Each,Equipment,EQUIPMENT AND SPARE PARTS,5
53001922,LDS MB 3.5GPM EGAP DISP 2PK,Each,Equipment,EQUIPMENT AND SPARE PARTS,8
53002747,LDS REPL MB EGAP ASPRTR,Each,Equipment,EQUIPMENT AND SPARE PARTS,2
53002746,LDS REPL SB EGAP ASPRTR,Each,Equipment,EQUIPMENT AND SPARE PARTS,2
53002751,LDS REPL WTR VLV DPHM,Each,Equipment,EQUIPMENT AND SPARE PARTS,2
53001925,LDS SB 1GPM AG DISP 2PK,Each,Equipment,EQUIPMENT AND SPARE PARTS,2
53001923,LDS SB 1GPM EGAP DISP 2PK,Each,Equipment,EQUIPMENT AND SPARE PARTS,8
53002858,LDS WATER VALVE RPR KIT,Each,Equipment,EQUIPMENT AND SPARE PARTS,4
96522162,LKGE PAWL BAR EC WLDMT,Each,Equipment,EQUIPMENT AND SPARE PARTS,3
92152269,LO FLW FLEX GAP PKD PP,Each,Equipment,EQUIPMENT AND SPARE PARTS,9
87020822,LOCK CAM ENCL 176 KEY 13/16,Each,Equipment,EQUIPMENT AND SPARE PARTS,4
87020027,LOCK W/ 15/16 STRT CAM ASSY,Each,Equipment,EQUIPMENT AND SPARE PARTS,9
87020031,LOCK W/90 DEG BEND CAM ASSY,Each,Equipment,EQUIPMENT AND SPARE PARTS,9
96521025,LWR RNS ASSY LOW FLW EC,Each,Equipment,WAREWASHING EQUIPMENT,2
92151296,MAXX DLACTN FLR INSTL KIT,Each,Equipment,EQUIPMENT AND SPARE PARTS,2
83710060,MOT 1/4HP 208-230/460V 3PH,Each,Equipment,WAREWASHING EQUIPMENT,4
96020045,MOT 2HP 208-230/460V 3PH,Each,Equipment,WAREWASHING EQUIPMENT,5
83710418,MOT 3/4HP 115/230V 1PH PKD,Each,Equipment,WAREWASHING EQUIPMENT,9
92023087,NEXA CMPCT MNL DISP BLK 1PK,Each,Equipment,HAND AND SKIN HYGIENE,10
92023088,NEXA CMPCT MNL DISP WHT 1PK,Each,Equipment,HAND AND SKIN HYGIENE,5
92023091,NEXA MNL CLSC DISP BLK 1PK,Each,Equipment,HAND AND SKIN HYGIENE,10
92023093,NEXA MNL CLSC DISP WHT 1PK,Each,Equipment,HAND AND SKIN HYGIENE,6
92023713,NEXA MNL CMPCT BLK KYSTN1PK,Each,Equipment,EQUIPMENT AND SPARE PARTS,7
92021192,NEXA TF CLSC DISP BLK 1PK,Each,Equipment,HAND AND SKIN HYGIENE,3
53001468,NORNS ALK FLRCLNR INSTL KIT,Each,Equipment,EQUIPMENT AND SPARE PARTS,6
96522223,NOZ EC LWR RNS .050 ORF DIA,Each,Equipment,EQUIPMENT AND SPARE PARTS,2
96522224,NOZ EC UPR RNS .056 ORF DIA,Each,Equipment,EQUIPMENT AND SPARE PARTS,2
85312003,NOZ VJET 1/8MPT 65DEG .6GPM,Each,Equipment,EQUIPMENT AND SPARE PARTS,2
85312002,NOZ VJET 1/8MPT 80DEG .8GPM,Each,Equipment,EQUIPMENT AND SPARE PARTS,2
88429113,NUT LOCK 1/4-20 W/NYL INSR 304SST,Each,Equipment,EQUIPMENT AND SPARE PARTS,5
88419007,NUT LOCK 3/8-16 W/NYL INSR 304SST,Each,Equipment,EQUIPMENT AND SPARE PARTS,4
96582034,NUT WING 1/4-20 ES4400,Each,Equipment,WAREWASHING EQUIPMENT,7
92151197,OAS 146 MULTIQUAT INSTL KIT,Each,Equipment,EQUIPMENT AND SPARE PARTS,7
92151373,OAS 73 INSTL KIT,Each,Equipment,EQUIPMENT AND SPARE PARTS,2
92151367,OAS BIOENZ ELMNTR INSTL KIT,Each,Equipment,EQUIPMENT AND SPARE PARTS,2
92151337,OAS HPF NEUT FLR INSTL KIT,Each,Equipment,EQUIPMENT AND SPARE PARTS,2
92291003,OASIS 1GAL PU PRB KIT,Each,Equipment,EQUIPMENT AND SPARE PARTS,8
92291350,OASIS WALL RACK PKD,Each,Equipment,EQUIPMENT AND SPARE PARTS,11
92631258,ONE GALLON BOTTLE HLDR PKD,Each,Equipment,EQUIPMENT AND SPARE PARTS,7
92151313,OP 2X2L PROD HLDR WHTA PKD,Each,Equipment,EQUIPMENT AND SPARE PARTS,5
53001857,PATHWAYS DRAINBRAIN PKD,Each,Equipment,EQUIPMENT AND SPARE PARTS,2
92612000,PERSTLC PUMP REPL TBG EPDM 12PK,Each,Equipment,WAREWASHING EQUIPMENT,7
92180892,PERSTLC TBG 1/2CC KIT,Each,Equipment,EQUIPMENT AND SPARE PARTS,3
92180884,PERSTLC TBG 1/4CC KIT,Each,Equipment,EQUIPMENT AND SPARE PARTS,2
92180876,PERSTLC TBG 2CC KIT,Each,Equipment,EQUIPMENT AND SPARE PARTS,4
93202272,PLUG BYP SMF 6,Each,Equipment,WATER FILTRATION AND SOFTENING,4
86139110,PLUG PIPE 1/4 HEX PVC,Each,Equipment,POOL AND SPA,2
96562715,PMP CNTFGL COMPL,Each,Equipment,WAREWASHING EQUIPMENT,4
53007555,PMP DPHM .165-.255LPM 24V,Each,Equipment,EQUIPMENT AND SPARE PARTS,4
50000511,PMP DPHM .4L/MIN PP,Each,Equipment,EQUIPMENT AND SPARE PARTS,3
96852004,PMP&MOT ASSY 1HP 115/60/1,Each,Equipment,EQUIPMENT AND SPARE PARTS,5
96582025,PMP&MOT ASSY W/ MTG BRKT,Each,Equipment,WAREWASHING EQUIPMENT,4
92001163,PU PRB KIT 1/2 W/CHK VLV,Each,Equipment,EQUIPMENT AND SPARE PARTS,22
92001221,PU PRB KIT 3/8 W/CHK VLV,Each,Equipment,EQUIPMENT AND SPARE PARTS,2
92232196,PWA APEX NGC I/O,Each,Equipment,WAREWASHING EQUIPMENT,3
92121045,PWAP VANGUARD 2026,Each,Equipment,EQUIPMENT AND SPARE PARTS,13
92642530,QUAT TEST PAPERS QT-40,Each,Equipment,EQUIPMENT AND SPARE PARTS,9
92018480,QUIKFILL SIDEKICK W/THD KIT,Each,Equipment,EQUIPMENT AND SPARE PARTS,4
92632026,RINSE CUPS,Each,Equipment,HOUSEKEEPING,6
92171271,RINSE INJ CHECK VALVE KIT,Each,Equipment,WAREWASHING EQUIPMENT,6
92181005,RINSE MAX IID PKD,Each,Equipment,EQUIPMENT AND SPARE PARTS,2
92223692,RK WIRE 2L HLDR COLPS SST,Each,Equipment,EQUIPMENT AND SPARE PARTS,8
92652403,RK WIRE 6 UNIV PKD,Each,Equipment,EQUIPMENT AND SPARE PARTS,2
92152306,RK WIRE BAG HLDR 2.5GAL WHT PKD,Each,Equipment,EQUIPMENT AND SPARE PARTS,4
92292006,RK WL AEROLITE XP 1PROD,Each,Equipment,WAREWASHING EQUIPMENT,4
92292007,RK WL AEROLITE XP 2PROD,Each,Equipment,EQUIPMENT AND SPARE PARTS,2
96522200,RLR DRIVE INR EC MACH,Each,Equipment,EQUIPMENT AND SPARE PARTS,3
96584123,RLY 240V 2P ES18 JCKSN,Each,Equipment,WAREWASHING EQUIPMENT,4
96582895,RLY CONT 120V,Each,Equipment,WAREWASHING EQUIPMENT,4
96021159,RLY MT 3PDT 120V TOP,Each,Equipment,WAREWASHING EQUIPMENT,4
83000398,RLY PLUG-IN DPDT 240V 5A,Each,Equipment,WAREWASHING EQUIPMENT,4
83000372,RLY PLUG-IN DPDT 24V 10A,Each,Equipment,WAREWASHING EQUIPMENT,4
83000006,RLY SPDT 24V AC/DC 6A DIN,Each,Equipment,EQUIPMENT AND SPARE PARTS,3
92301017,RNS ADDT EMPTY SNSR ALM KIT,Each,Equipment,EQUIPMENT AND SPARE PARTS,3
96522176,ROD CURT EC MACH,Each,Equipment,WAREWASHING EQUIPMENT,7
53001858,S-24 WSH/TK CONN STD,Each,Equipment,EQUIPMENT AND SPARE PARTS,2
92591158,SCLS CONT PRGM PKD RFB,Each,Equipment,EQUIPMENT AND SPARE PARTS,4
96035472,SCR HHCS 1/4-20X1-3/4 SST,Each,Equipment,WAREWASHING EQUIPMENT,9
88020458,SCR HHCS 1/4-20X3/4 304SST,Each,Equipment,WAREWASHING EQUIPMENT,6
88021076,SCR HHCS 3/8-16X1-3/4 SST,Each,Equipment,WAREWASHING EQUIPMENT,4
88009097,SCR SHCS 3/8-16X2 316SST,Each,Equipment,WAREWASHING EQUIPMENT,7
87200013,SEAL ORNG 13/16X1 SILCNE,Each,Equipment,EQUIPMENT AND SPARE PARTS,18
96022116,SEAL ORNG UPR WASH ARM ES44,Each,Equipment,EQUIPMENT AND SPARE PARTS,18
96582026,SEAL SFT OMEGA HT PMP,Each,Equipment,WAREWASHING EQUIPMENT,4
83999078,SLND 115V 50/60HZ 7LP PULL,Each,Equipment,EQUIPMENT AND SPARE PARTS,9
85283489,SLND VLV RPR KIT 1/2 PARKER,Each,Equipment,EQUIPMENT AND SPARE PARTS,19
85283406,SLND VLV RPR KIT 3/4 PARKER,Each,Equipment,EQUIPMENT AND SPARE PARTS,18
92231161,SMTPWRFL/ULT PRESK DISP PKD,Each,Equipment,EQUIPMENT AND SPARE PARTS,2
92232129,SNSR EVOL W/0.2M CA,Each,Equipment,EQUIPMENT AND SPARE PARTS,4
53002865,SNSR S2000 W/12FT CA,Each,Equipment,EQUIPMENT AND SPARE PARTS,2
92122316,SNSR S2000 W/24FT CA,Each,Equipment,EQUIPMENT AND SPARE PARTS,4
96583489,SPR DR EXT 8-1/2 JCKSN,Each,Equipment,WAREWASHING EQUIPMENT,9
96021035,SPR DRIVE ES44,Each,Equipment,WAREWASHING EQUIPMENT,7
96042031,SPRAY NOZZLE AND RCPT OMEGA-5,Each,Equipment,WAREWASHING EQUIPMENT,2
92652348,SPYR FMR 7-5/8 24OZ 12PK,Each,Equipment,EQUIPMENT AND SPARE PARTS,2
92782078,SPYR TRIG 32OZ 9-3/4,Each,Equipment,EQUIPMENT AND SPARE PARTS,4
92652352,SPYR TRIG 7-5/8 24OZ 12PK,Each,Equipment,EQUIPMENT AND SPARE PARTS,8
92633601,SQUIRT BOTTLE FLIP TOP CAP,Each,Equipment,EQUIPMENT AND SPARE PARTS,2
92171388,STACKING PERSTLC PMP KIT PKD,Each,Equipment,EQUIPMENT AND SPARE PARTS,3
96563812,STERO PUMP SEAL P57-1697,Each,Equipment,WAREWASHING EQUIPMENT,10
53002284,STP TST SNTZR SMTPWR SS,Each,Equipment,FOOD SAFETY SOLUTIONS,5
93022003,STRN LINE 1/4FNPT PP CLR,Each,Equipment,WAREWASHING EQUIPMENT,5
96585682,SW FLT ES4400 JCKSN,Each,Equipment,EQUIPMENT AND SPARE PARTS,4
83053082,SW LIQ LVL FLT SPST 240V,Each,Equipment,EQUIPMENT AND SPARE PARTS,4
96027102,SW PUSH BTN ON/OFF SST,Each,Equipment,EQUIPMENT AND SPARE PARTS,9
96027103,SW PUSH BTN PRIME/CYCLE SST,Each,Equipment,EQUIPMENT AND SPARE PARTS,7
96027990,SW REED 120VAC 840 MA,Each,Equipment,EQUIPMENT AND SPARE PARTS,13
96021464,SW REED MAG ES44,Each,Equipment,EQUIPMENT AND SPARE PARTS,4
92520790,SWIVEL ASSY 15-30 GAL,Each,Equipment,EQUIPMENT AND SPARE PARTS,2
92520782,SWIVEL ASSY 5 GAL,Each,Equipment,EQUIPMENT AND SPARE PARTS,3
92151132,SWSHNWLK INSTL KIT,Each,Equipment,EQUIPMENT AND SPARE PARTS,4
89990790,TAPE DBL BACK 1/2W,Each,Equipment,EQUIPMENT AND SPARE PARTS,5
89990782,TAPE DBL BACK 1W,Each,Equipment,EQUIPMENT AND SPARE PARTS,3
85015154,TBG FLX .125X.023 PP,Each,Equipment,EQUIPMENT AND SPARE PARTS,2
85015220,TBG FLX .250X.040 PE BLK,Each,Equipment,EQUIPMENT AND SPARE PARTS,2
85015170,TBG FLX .250X.040 PP,Each,Equipment,EQUIPMENT AND SPARE PARTS,8
50002534,TBG FLX .250X.062 TYGN CLR,Each,Equipment,EQUIPMENT AND SPARE PARTS,9
85015188,TBG FLX .375X.062 PP,Each,Equipment,EQUIPMENT AND SPARE PARTS,2
85015378,TBG FLX .375X.062X100 PVC,Each,Equipment,EQUIPMENT AND SPARE PARTS,2
96562673,TBG FLX .397X.105X8 TYGON,Each,Equipment,EQUIPMENT AND SPARE PARTS,25
96572004,TBG FLX .429X.134X8 NPRN,Each,Equipment,EQUIPMENT AND SPARE PARTS,7
85015152,TBG FLX .438X.094X6-5/8,Each,Equipment,EQUIPMENT AND SPARE PARTS,3
85015201,TBG FLX .500X.0625X50 EVA,Each,Equipment,EQUIPMENT AND SPARE PARTS,8
92510742,TBG FLX .62X.135X14 EPDM,Each,Equipment,EQUIPMENT AND SPARE PARTS,2
84804962,TBG FLX .750X.125 PVC REINF,Each,Equipment,EQUIPMENT AND SPARE PARTS,8
85017119,TBG FLX 3/8X3/16X8 SILCNE,Each,Equipment,EQUIPMENT AND SPARE PARTS,10
85643004,TEE 1/2TX1/2CPX1/4CP BRS,Each,Equipment,EQUIPMENT AND SPARE PARTS,4
85643005,TEE 1/2TX1/2CPX3/8CP BRS,Each,Equipment,EQUIPMENT AND SPARE PARTS,4
85643002,TEE 3/8TX3/8CPX1/4CP BRS,Each,Equipment,EQUIPMENT AND SPARE PARTS,2
85643003,TEE 3/8TX3/8CPX3/8CP BRS,Each,Equipment,EQUIPMENT AND SPARE PARTS,19
85745107,HOSE BARB TEE 3/8HSX3/8HSX3/8HS HDPE BLK,Each,Equipment,EQUIPMENT AND SPARE PARTS,2
85643070,TEE UN 3/8T BRS SA,Each,Equipment,EQUIPMENT AND SPARE PARTS,10
85645307,TEE UN 3/8T KYN,Each,Equipment,EQUIPMENT AND SPARE PARTS,8
85545077,TEE UN 3/8T PP EP PUSHIN,Each,Equipment,EQUIPMENT AND SPARE PARTS,23
89009138,THERM DIAL 50-300DEG1/4MNPT,Each,Equipment,WAREWASHING EQUIPMENT,9
89005149,THERMO BULB&CPLRY 220 FIXED,Each,Equipment,WAREWASHING EQUIPMENT,9
89005145,THERMO PRB 170DEG,Each,Equipment,WAREWASHING EQUIPMENT,13
89005148,THERMO PRB 185DEG ADJ,Each,Equipment,WAREWASHING EQUIPMENT,3
96021324,THERMOMETER 48 LEAD ES44,Each,Equipment,WAREWASHING EQUIPMENT,4
96021316,THERMOMETER 96 LEAD ES44,Each,Equipment,WAREWASHING EQUIPMENT,10
96631365,THERMOSTAT OMEGA 5E,Each,Equipment,WAREWASHING EQUIPMENT,9
53001036,THRMS 10K .25DIAX4.3L SST,Each,Equipment,EQUIPMENT AND SPARE PARTS,4
96542093,TMR CKT BD M/D 14SEC-RNS,Each,Equipment,WAREWASHING EQUIPMENT,4
92022989,TRAY DRIP NEXA/PRIMALINE W/TAPE BLK,Each,Equipment,HAND AND SKIN HYGIENE,3
92022993,TRAY DRIP NEXA/PRIMALINE W/TAPE WHT,Each,Equipment,HAND AND SKIN HYGIENE,3
92152980,TRAY DRIP OP SEL4/ULTRA1WHT,Each,Equipment,EQUIPMENT AND SPARE PARTS,4
53006083,TRUPOWER ENZY MNL DTRG&SOAK INSTL KIT,Each,Equipment,EQUIPMENT AND SPARE PARTS,4
96570528,TS QIK RLSE 1/4-20SPY BASE,Each,Equipment,WAREWASHING EQUIPMENT,13
92581131,TSTAR XP 4PMP INSTL KIT,Each,Equipment,EQUIPMENT AND SPARE PARTS,3
92583681,TSTAR XP II MACH INTFC,Each,Equipment,EQUIPMENT AND SPARE PARTS,4
96542809,TUBE DTRG .25X8.25 SNTPRN,Each,Equipment,EQUIPMENT AND SPARE PARTS,2
92631126,TUBE NUT & SLV 1/4 IN 10 PK,Each,Equipment,EQUIPMENT AND SPARE PARTS,15
92631127,TUBE NUT & SLV 3/8 IN 10PK,Each,Equipment,EQUIPMENT AND SPARE PARTS,3
83100537,TWIN TAB ADPT 1/4,Each,Equipment,WAREWASHING EQUIPMENT,3
85725000,UN BARB 3/8X3/8 KYN,Each,Equipment,EQUIPMENT AND SPARE PARTS,9
92591262,UNIV FLUSH MANIFOLD PKD,Each,Equipment,EQUIPMENT AND SPARE PARTS,2
96521026,UPR RNS ASSY LOW FLW EC,Each,Equipment,WAREWASHING EQUIPMENT,2
85242502,VAC BRKR 1/2 BRCP PLSTC BNT,Each,Equipment,EQUIPMENT AND SPARE PARTS,2
85284156,VAC BRKR 1/2 RPR KIT WATTS,Each,Equipment,WAREWASHING EQUIPMENT,20
92001478,VAC BRKR 1/2RPR W/CAP WATTS,Each,Equipment,WAREWASHING EQUIPMENT,5
85242501,VAC BRKR 1/4 BRCP,Each,Equipment,WAREWASHING EQUIPMENT,4
85280071,VAC BRKR 1/4-3/8 RPR WATTS,Each,Equipment,WAREWASHING EQUIPMENT,7
85242626,VAC BRKR 3/4 BRCP,Each,Equipment,WAREWASHING EQUIPMENT,4
85284164,VAC BRKR 3/4 RPR KIT WATTS,Each,Equipment,WAREWASHING EQUIPMENT,20
85254000,VLV BALL 1/4MNPTX1/4FNPTPVC,Each,Equipment,EQUIPMENT AND SPARE PARTS,4
85244259,VLV CHK 1/4BARB PVC,Each,Equipment,EQUIPMENT AND SPARE PARTS,23
85244473,VLV CHK 1/4FNPTX1/4MNPT PVC,Each,Equipment,EQUIPMENT AND SPARE PARTS,4
85244184,VLV CHK 1/4MNPTX3/8BARB PVC WHT,Each,Equipment,EQUIPMENT AND SPARE PARTS,18
50000514,VLV CHK 1/8BARB 125PSI PP,Each,Equipment,EQUIPMENT AND SPARE PARTS,2
50001357,VLV CHK 1/8BARBX1/8OD PVDF,Each,Equipment,EQUIPMENT AND SPARE PARTS,2
85244201,VLV CHK 3/8BARBX1/4MNPT KYN,Each,Equipment,EQUIPMENT AND SPARE PARTS,4
85244242,VLV CHK 3/8BARBX1/4MNPT PVC,Each,Equipment,EQUIPMENT AND SPARE PARTS,5
85244034,VLV CHK SWG 1 SKT CLR PVC,Each,Equipment,EQUIPMENT AND SPARE PARTS,2
93022464,VLV FLT 3/4MNPTX3/4SPGT PVC PKD,Each,Equipment,EQUIPMENT AND SPARE PARTS,2
85793024,VLV HOSE Y 3/4 BRASS,Each,Equipment,EQUIPMENT AND SPARE PARTS,15
85283779,VLV RPR KIT 3/8 MAG OPRDEMA,Each,Equipment,EQUIPMENT AND SPARE PARTS,18
85254013,VLV SHUT OFF 3/8 PUSHIN,Each,Equipment,EQUIPMENT AND SPARE PARTS,14
96580683,VLV SLND 120/220V JP24,Each,Equipment,EQUIPMENT AND SPARE PARTS,4
96552567,WASH ARM BEARING ASSY,Each,Equipment,WAREWASHING EQUIPMENT,13
92371103,WASH MAX DISPENSER PKD,Each,Equipment,KITCHEN HYGIENE,2
96552542,WASHARM END CAP,Each,Equipment,WAREWASHING EQUIPMENT,20
92002142,WRENCH BUNG MULT-CLOS NYL,Each,Equipment,EQUIPMENT AND SPARE PARTS,7
96560396,WSHR FLAT HVY MOT END,Each,Equipment,EQUIPMENT AND SPARE PARTS,7
92102136,XFMR 115/200/230/460X22.5,Each,Equipment,EQUIPMENT AND SPARE PARTS,4
83904029,XFMR 115/230X22 30VA FT MT,Each,Equipment,EQUIPMENT AND SPARE PARTS,9
96021167,XFMR 230/460X115 150VA,Each,Equipment,WAREWASHING EQUIPMENT,4
92592056,XPERT REPL PERSTLC TBG EPDM,Each,Equipment,EQUIPMENT AND SPARE PARTS,2
53001839,SCLS 3WSHR DISP 120V RPR,Each,Equipment,EQUIPMENT AND SPARE PARTS,0
